{"cameraMode":{"drawMode":0,"name":"Shaded","section":"Shading Mode"},"sceneLighting":false,"audioPlay":false,"sceneViewState":{"m_AlwaysRefresh":false,"showFog":true,"showSkybox":false,"showFlares":true,"showImageEffects":true,"showParticleSystems":true,"showVisualEffectGraphs":true,"m_FxEnabled":true},"in2DMode":false,"pivot":{"x":-26.033233642578126,"y":15.654621124267579,"z":2.344618320465088},"rotation":{"x":0.043257784098386767,"y":0.6401339769363403,"z":-0.03614072874188423,"w":0.7661924362182617},"size":33.26205062866211,"orthographic":true}